{
  "sections": {
    "default": "CmsSectionDefault",
    "sidebar": "CmsSectionSidebar"
  },
  "blocks": {
    "text-on-image": "CmsBlockTextOnImage",
    "sidebar-filter": "CmsBlockDefault",
    "product-listing": "CmsBlockProductListing",
    "image-text": "CmsBlockImageText",
    "image": "CmsBlockDefault",
    "image-cover": "CmsBlockImageCover",
    "category-navigation": "CmsBlockCategoryNavigation",
    "image-bubble-row": "CmsBlockImageBubbleRow",
    "image-text-bubble": "CmsBlockImageTextBubbleRow",
    "image-text-row": "CmsBlockImageTextRow",
    "center-text": "CmsBlockCenterText",
    "image-four-column": "CmsBlockImageFourColumn",
    "image-gallery": "CmsBlockDefault",
    "image-highlight-row": "CmsBlockImageHighlightRow",
    "image-simple-grid": "CmsBlockImageSimpleGrid",
    "image-slider": "CmsBlockDefault",
    "image-text-cover": "CmsBlockImageTextCover",
    "image-text-gallery": "CmsBlockImageTextGallery",
    "image-three-column": "CmsBlockImageThreeColumn",
    "image-three-cover": "CmsBlockImageThreeCover",
    "image-two-column": "CmsBlockImageTwoColumn",
    "product-slider": "CmsBlockDefault",
    "text": "CmsBlockDefault",
    "text-teaser": "CmsBlockDefault",
    "text-hero": "CmsBlockDefault",
    "text-three-column": "CmsBlockTextThreeColumn",
    "product-three-column": "CmsBlockProductThreeColumn",
    "text-two-column": "CmsBlockTextTwoColumn",
    "form": "CmsBlockForms",
    "product-heading": "CmsBlockProductHeading",
    "gallery-buybox": "CmsBlockSplitView",
    "product-description-reviews": "CmsBlockDefault",
    "cross-selling": "CmsBlockDefault",
    "text-teaser-section": "CmsBlockTextTeaserSection",
    "vimeo-video": "CmsBlockDefault",
    "youtube-video": "CmsBlockDefault"
  },
  "elements": {
    "product-box": "CmsElementProductCard",
    "product-slider": "CmsElementProductSlider",
    "image": "CmsElementImage",
    "image-gallery": "CmsElementImageGallery",
    "image-slider": "CmsElementImageSlider",
    "text": "CmsElementText",
    "vimeo-video": "CmsElementVideoVimeo",
    "youtube-video": "CmsElementVideoYoutube",
    "product-listing": "CmsElementProductListing",
    "category-navigation": "CmsElementCategoryNavigation",
    "sidebar-filter": "CmsElementCategorySidebarFilter",
    "form": "CmsElementForm",
    "product-name": "CmsElementText",
    "manufacturer-logo": "CmsElementImage",
    "buy-box": "CmsElementBuyBox",
    "product-description-reviews": "CmsElementProductDescriptionReviews",
    "cross-selling": "CmsElementProductCrossSelling"
  }
}
